-- MySQL dump 10.13  Distrib 8.0.21, for Win64 (x86_64)
--
-- Host: 127.0.0.1    Database: tallerdeingles
-- ------------------------------------------------------
-- Server version	8.0.21

/*!40101 SET @OLD_CHARACTER_SET_CLIENT=@@CHARACTER_SET_CLIENT */;
/*!40101 SET @OLD_CHARACTER_SET_RESULTS=@@CHARACTER_SET_RESULTS */;
/*!40101 SET @OLD_COLLATION_CONNECTION=@@COLLATION_CONNECTION */;
/*!50503 SET NAMES utf8 */;
/*!40103 SET @OLD_TIME_ZONE=@@TIME_ZONE */;
/*!40103 SET TIME_ZONE='+00:00' */;
/*!40014 SET @OLD_UNIQUE_CHECKS=@@UNIQUE_CHECKS, UNIQUE_CHECKS=0 */;
/*!40014 SET @OLD_FOREIGN_KEY_CHECKS=@@FOREIGN_KEY_CHECKS, FOREIGN_KEY_CHECKS=0 */;
/*!40101 SET @OLD_SQL_MODE=@@SQL_MODE, SQL_MODE='NO_AUTO_VALUE_ON_ZERO' */;
/*!40111 SET @OLD_SQL_NOTES=@@SQL_NOTES, SQL_NOTES=0 */;

--
-- Table structure for table `admin_school`
--

DROP TABLE IF EXISTS `admin_school`;
/*!40101 SET @saved_cs_client     = @@character_set_client */;
/*!50503 SET character_set_client = utf8mb4 */;
CREATE TABLE `admin_school` (
  `id_admin` int NOT NULL AUTO_INCREMENT,
  `id_user_admin` int NOT NULL,
  `apellido_paterno_admin` varchar(45) NOT NULL,
  `apellido_materno_admin` varchar(45) NOT NULL,
  `nombre_admin` varchar(45) NOT NULL,
  `fecha_nacimiento_admin` date DEFAULT NULL,
  PRIMARY KEY (`id_admin`),
  KEY `id_user_idx` (`id_user_admin`),
  CONSTRAINT `id_user` FOREIGN KEY (`id_user_admin`) REFERENCES `users` (`id_user`)
) ENGINE=InnoDB AUTO_INCREMENT=4 DEFAULT CHARSET=utf8;
/*!40101 SET character_set_client = @saved_cs_client */;

--
-- Dumping data for table `admin_school`
--

LOCK TABLES `admin_school` WRITE;
/*!40000 ALTER TABLE `admin_school` DISABLE KEYS */;
INSERT INTO `admin_school` VALUES (1,128,'JUAREZ','SAAVEDRA','KARINA',NULL),(2,144,'BOJORQUEZ','ISLAS','OSDALI',NULL),(3,190,'MORALES','AVALOS','LUIS ANTONIO',NULL);
/*!40000 ALTER TABLE `admin_school` ENABLE KEYS */;
UNLOCK TABLES;

--
-- Table structure for table `category`
--

DROP TABLE IF EXISTS `category`;
/*!40101 SET @saved_cs_client     = @@character_set_client */;
/*!50503 SET character_set_client = utf8mb4 */;
CREATE TABLE `category` (
  `id_category` int NOT NULL AUTO_INCREMENT,
  `description_category` varchar(45) NOT NULL,
  PRIMARY KEY (`id_category`)
) ENGINE=InnoDB AUTO_INCREMENT=3 DEFAULT CHARSET=utf8;
/*!40101 SET character_set_client = @saved_cs_client */;

--
-- Dumping data for table `category`
--

LOCK TABLES `category` WRITE;
/*!40000 ALTER TABLE `category` DISABLE KEYS */;
INSERT INTO `category` VALUES (1,'CHILDREN'),(2,'TEENS');
/*!40000 ALTER TABLE `category` ENABLE KEYS */;
UNLOCK TABLES;

--
-- Table structure for table `grade`
--

DROP TABLE IF EXISTS `grade`;
/*!40101 SET @saved_cs_client     = @@character_set_client */;
/*!50503 SET character_set_client = utf8mb4 */;
CREATE TABLE `grade` (
  `id_grade` int NOT NULL AUTO_INCREMENT,
  `description_grade` varchar(45) NOT NULL,
  PRIMARY KEY (`id_grade`)
) ENGINE=InnoDB AUTO_INCREMENT=4 DEFAULT CHARSET=utf8;
/*!40101 SET character_set_client = @saved_cs_client */;

--
-- Dumping data for table `grade`
--

LOCK TABLES `grade` WRITE;
/*!40000 ALTER TABLE `grade` DISABLE KEYS */;
INSERT INTO `grade` VALUES (1,'BASICO'),(2,'INTERMEDIO'),(3,'AVANZADO');
/*!40000 ALTER TABLE `grade` ENABLE KEYS */;
UNLOCK TABLES;

--
-- Table structure for table `grupos`
--

DROP TABLE IF EXISTS `grupos`;
/*!40101 SET @saved_cs_client     = @@character_set_client */;
/*!50503 SET character_set_client = utf8mb4 */;
CREATE TABLE `grupos` (
  `id_group` int NOT NULL AUTO_INCREMENT,
  `id_grade` int NOT NULL,
  `level_group` int NOT NULL,
  `id_category_group` int NOT NULL,
  `classroom_group` varchar(15) DEFAULT NULL,
  PRIMARY KEY (`id_group`),
  KEY `id_category_idx` (`id_category_group`),
  KEY `id_grade_idx` (`id_grade`),
  CONSTRAINT `id_category` FOREIGN KEY (`id_category_group`) REFERENCES `category` (`id_category`),
  CONSTRAINT `id_grade` FOREIGN KEY (`id_grade`) REFERENCES `grade` (`id_grade`)
) ENGINE=InnoDB AUTO_INCREMENT=14 DEFAULT CHARSET=utf8;
/*!40101 SET character_set_client = @saved_cs_client */;

--
-- Dumping data for table `grupos`
--

LOCK TABLES `grupos` WRITE;
/*!40000 ALTER TABLE `grupos` DISABLE KEYS */;
INSERT INTO `grupos` VALUES (1,1,1,1,''),(2,1,2,1,''),(3,1,3,1,''),(4,1,1,2,''),(5,1,2,2,''),(6,1,3,2,''),(7,2,1,1,NULL),(8,2,2,1,NULL),(9,2,3,1,NULL),(10,2,1,2,NULL),(11,2,2,2,NULL),(12,2,3,2,NULL),(13,3,1,2,NULL);
/*!40000 ALTER TABLE `grupos` ENABLE KEYS */;
UNLOCK TABLES;

--
-- Table structure for table `pay_simbology`
--

DROP TABLE IF EXISTS `pay_simbology`;
/*!40101 SET @saved_cs_client     = @@character_set_client */;
/*!50503 SET character_set_client = utf8mb4 */;
CREATE TABLE `pay_simbology` (
  `id_pay` int NOT NULL AUTO_INCREMENT,
  `month` varchar(30) NOT NULL,
  `description_pay` varchar(20) NOT NULL,
  `cost_pay` decimal(10,0) NOT NULL,
  `period_pay` varchar(20) DEFAULT NULL,
  `deadline_pay` datetime DEFAULT NULL,
  PRIMARY KEY (`id_pay`)
) ENGINE=InnoDB AUTO_INCREMENT=14 DEFAULT CHARSET=utf8;
/*!40101 SET character_set_client = @saved_cs_client */;

--
-- Dumping data for table `pay_simbology`
--

LOCK TABLES `pay_simbology` WRITE;
/*!40000 ALTER TABLE `pay_simbology` DISABLE KEYS */;
INSERT INTO `pay_simbology` VALUES (1,'Enero','Primer mes',150,'Periodo A',NULL),(2,'Febrero','Segundo mes',300,'Periodo A','2025-02-10 00:00:00'),(3,'Marzo','Tercer mes',300,'Periodo A','2025-03-10 00:00:00'),(4,'Abril','Cuarto mes',300,'Periodo A','2025-04-10 00:00:00'),(5,'Mayo','Quinto mes',300,'Periodo A','2025-05-10 00:00:00'),(6,'Junio','Sexto mes',300,'Periodo A','2025-06-10 00:00:00'),(7,'Julio','Septimo mes',150,'Periodo A','2025-07-10 00:00:00'),(8,'Agosto','Primer mes',150,'Periodo B',NULL),(9,'Septiembre','Segundo mes',300,'Periodo B','2025-09-10 00:00:00'),(10,'Octubre','Tercer mes',300,'Periodo B','2025-10-10 00:00:00'),(11,'Noviembre','Cuarto mes',300,'Periodo B','2025-11-10 00:00:00'),(12,'Diciembre','Quinto mes',150,'Periodo B','2025-12-10 00:00:00'),(13,'Inscripción','Pago de Inscripcion',250,'Cualquiera',NULL);
/*!40000 ALTER TABLE `pay_simbology` ENABLE KEYS */;
UNLOCK TABLES;

--
-- Table structure for table `payment`
--

DROP TABLE IF EXISTS `payment`;
/*!40101 SET @saved_cs_client     = @@character_set_client */;
/*!50503 SET character_set_client = utf8mb4 */;
CREATE TABLE `payment` (
  `id_payment` int NOT NULL AUTO_INCREMENT,
  `register_payment` tinyint NOT NULL,
  `pay_1` tinyint DEFAULT NULL,
  `pay_2` tinyint DEFAULT NULL,
  `pay_3` tinyint DEFAULT NULL,
  `pay_4` tinyint DEFAULT NULL,
  `pay_5` tinyint DEFAULT NULL,
  `pay_6` tinyint DEFAULT NULL,
  `pay_7` tinyint DEFAULT NULL,
  `payment_status` int NOT NULL,
  PRIMARY KEY (`id_payment`),
  KEY `id_status_idx` (`payment_status`),
  CONSTRAINT `id_status` FOREIGN KEY (`payment_status`) REFERENCES `payment_status` (`id_status`)
) ENGINE=InnoDB AUTO_INCREMENT=261 DEFAULT CHARSET=utf8;
/*!40101 SET character_set_client = @saved_cs_client */;

--
-- Dumping data for table `payment`
--

LOCK TABLES `payment` WRITE;
/*!40000 ALTER TABLE `payment` DISABLE KEYS */;
INSERT INTO `payment` VALUES (1,1,1,1,0,0,0,0,0,1),(2,1,1,1,1,1,1,1,0,1),(3,1,1,1,0,0,0,0,0,1),(4,1,1,1,0,0,0,0,0,1),(5,1,1,1,0,0,0,0,0,1),(6,1,1,1,0,0,0,0,0,1),(7,1,0,0,0,0,0,0,0,1),(8,1,1,1,1,1,1,1,0,1),(9,1,0,0,0,0,0,0,0,1),(10,1,0,0,0,0,0,0,0,1),(11,1,1,1,0,0,0,0,0,1),(12,1,1,1,0,0,0,0,0,1),(13,1,1,1,0,0,0,0,0,1),(14,1,1,1,0,0,0,0,0,1),(15,1,0,0,0,0,0,0,0,1),(16,1,0,0,0,0,0,0,0,1),(17,1,0,0,0,0,0,0,0,1),(18,1,0,0,0,0,0,0,0,1),(19,1,0,0,0,0,0,0,0,1),(20,1,0,0,0,0,0,0,0,1),(21,1,0,0,0,0,0,0,0,1),(22,1,1,1,0,0,0,0,0,1),(23,1,0,0,0,0,0,0,0,1),(24,1,0,0,0,0,0,0,0,1),(25,1,0,0,0,0,0,0,0,1),(26,1,0,0,0,0,0,0,0,1),(27,1,1,1,0,0,0,0,0,1),(28,1,1,1,0,0,0,0,0,1),(29,1,0,0,0,0,0,0,0,1),(30,1,1,1,0,0,0,0,0,1),(31,1,0,0,0,0,0,0,0,1),(32,1,1,1,0,0,0,0,0,1),(33,1,1,0,0,0,0,0,0,1),(34,1,1,0,0,0,0,0,0,1),(35,1,1,1,0,0,0,0,0,1),(36,1,1,1,0,0,0,0,0,1),(37,1,1,1,0,0,0,0,0,1),(38,1,1,1,0,0,0,0,0,1),(39,1,1,1,0,0,0,0,0,1),(40,1,1,1,0,0,0,0,0,1),(41,1,1,1,0,0,0,0,0,1),(42,1,0,0,0,0,0,0,0,1),(43,1,1,1,0,0,0,0,0,1),(44,1,1,0,0,0,0,0,0,1),(45,1,1,0,0,0,0,0,0,1),(46,1,1,1,0,0,0,0,0,1),(47,1,1,1,0,0,0,0,0,1),(48,1,1,1,0,0,0,0,0,1),(49,1,0,0,0,0,0,0,0,1),(50,1,0,0,0,0,0,0,0,1),(51,1,1,1,0,0,0,0,0,1),(52,1,1,1,0,0,0,0,0,1),(53,1,1,1,1,0,0,0,0,1),(54,1,0,0,0,0,0,0,0,1),(55,1,1,0,0,0,0,0,0,1),(56,1,0,0,0,0,0,0,0,1),(57,1,1,0,0,0,0,0,0,1),(58,1,0,0,0,0,0,0,0,1),(59,1,0,0,0,0,0,0,0,1),(60,1,1,1,0,0,0,0,0,1),(61,1,0,0,0,0,0,0,0,1),(62,1,1,0,0,0,0,0,0,1),(63,1,0,0,0,0,0,0,0,1),(64,1,0,0,0,0,0,0,0,1),(65,1,1,1,0,0,0,0,0,1),(66,1,0,0,0,0,0,0,0,1),(67,1,1,1,0,0,0,0,0,1),(68,1,1,1,0,0,0,0,0,1),(69,1,1,1,0,0,0,0,0,1),(70,1,0,0,0,0,0,0,0,1),(71,1,0,0,0,0,0,0,0,1),(72,1,1,1,0,0,0,0,0,1),(73,1,1,1,0,0,0,0,0,1),(74,1,1,1,0,0,0,0,0,1),(75,1,1,1,1,1,1,1,0,1),(76,1,0,0,0,0,0,0,0,1),(77,1,0,0,0,0,0,0,0,1),(78,1,0,0,0,0,0,0,0,1),(79,1,1,1,0,0,0,0,0,1),(80,1,0,0,0,0,0,0,0,1),(81,1,0,0,0,0,0,0,0,1),(82,1,0,0,0,0,0,0,0,1),(83,1,1,1,0,0,0,0,0,1),(84,1,0,0,0,0,0,0,0,1),(85,1,0,0,0,0,0,0,0,1),(86,1,1,1,0,0,0,0,0,1),(87,1,0,0,0,0,0,0,0,1),(88,1,1,1,0,0,0,0,0,1),(89,1,0,0,0,0,0,0,0,1),(90,1,0,0,0,0,0,0,0,1),(91,1,0,0,0,0,0,0,0,1),(92,1,0,0,0,0,0,0,0,1),(93,1,1,1,0,0,0,0,0,1),(94,1,1,1,0,0,0,0,0,1),(95,1,1,1,0,0,0,0,0,1),(96,1,1,1,0,0,0,0,0,1),(97,1,0,0,0,0,0,0,0,1),(98,1,0,0,0,0,0,0,0,1),(99,1,0,0,0,0,0,0,0,1),(100,1,0,0,0,0,0,0,0,1),(101,1,1,1,0,0,0,0,0,1),(102,1,0,0,0,0,0,0,0,1),(103,1,0,0,0,0,0,0,0,1),(104,1,0,0,0,0,0,0,0,1),(105,1,0,0,0,0,0,0,0,1),(106,1,0,0,0,0,0,0,0,1),(107,1,1,1,0,0,0,0,0,1),(108,1,1,1,0,0,0,0,0,1),(109,1,1,1,0,0,0,0,0,1),(110,1,0,0,0,0,0,0,0,1),(111,1,0,0,0,0,0,0,0,1),(112,1,0,0,0,0,0,0,0,1),(113,1,1,1,0,0,0,0,0,1),(114,1,1,1,0,0,0,0,0,1),(115,1,0,0,0,0,0,0,0,1),(116,1,0,0,0,0,0,0,0,1),(117,1,0,0,0,0,0,0,0,1),(118,1,1,1,0,0,0,0,0,1),(119,1,0,0,0,0,0,0,0,1),(120,1,1,1,0,0,0,0,0,1),(121,1,1,1,1,0,0,0,0,1),(122,1,1,1,1,0,0,0,0,1),(123,1,0,0,0,0,0,0,0,1),(124,1,1,1,0,0,0,0,0,1),(125,1,0,0,0,0,0,0,0,1),(126,1,1,1,0,0,0,0,0,1),(127,1,1,1,0,0,0,0,0,1),(128,1,1,1,0,0,0,0,0,1),(129,1,1,1,1,0,0,0,0,1),(130,1,0,0,0,0,0,0,0,1),(131,1,1,1,0,0,0,0,0,1),(132,1,1,1,0,0,0,0,0,1),(133,1,0,0,0,0,0,0,0,1),(134,1,1,1,0,0,0,0,0,1),(135,1,1,1,0,0,0,0,0,1),(136,1,1,1,0,0,0,0,0,1),(137,1,1,1,0,0,0,0,0,1),(138,1,0,0,0,0,0,0,0,1),(139,1,0,0,0,0,0,0,0,1),(140,1,0,0,0,0,0,0,0,1),(141,1,1,1,0,0,0,0,0,1),(142,1,1,1,0,0,0,0,0,1),(143,1,0,0,0,0,0,0,0,1),(144,1,1,1,1,1,1,0,0,1),(145,1,1,1,0,0,0,0,0,1),(146,1,1,1,0,0,0,0,0,1),(147,1,1,1,0,0,0,0,0,1),(148,1,1,1,0,0,0,0,0,1),(149,1,1,1,0,0,0,0,0,1),(150,1,1,1,1,0,0,0,0,1),(151,1,1,1,1,0,0,0,0,1),(152,1,1,1,0,0,0,0,0,1),(153,1,0,0,0,0,0,0,0,1),(154,1,0,0,0,0,0,0,0,1),(155,1,0,0,0,0,0,0,0,1),(156,1,1,1,0,0,0,0,0,1),(157,1,0,0,0,0,0,0,0,1),(158,1,1,1,0,0,0,0,0,1),(159,1,1,1,0,0,0,0,0,1),(160,1,0,0,0,0,0,0,0,1),(161,1,0,0,0,0,0,0,0,1),(162,1,1,0,0,0,0,0,0,1),(163,1,0,0,0,0,0,0,0,1),(164,1,1,1,0,0,0,0,0,1),(165,1,0,0,0,0,0,0,0,1),(166,1,1,1,0,0,0,0,0,1),(167,1,0,0,0,0,0,0,0,1),(168,1,0,0,0,0,0,0,0,1),(169,1,0,0,0,0,0,0,0,1),(170,1,0,0,0,0,0,0,0,1),(171,1,1,1,0,0,0,0,0,1),(172,1,1,0,0,0,0,0,0,1),(173,1,1,0,0,0,0,0,0,1),(174,1,0,0,0,0,0,0,0,1),(175,1,0,0,0,0,0,0,0,1),(176,1,1,1,0,0,0,0,0,1),(177,1,1,1,0,0,0,0,0,1),(178,1,1,1,0,0,0,0,0,1),(179,1,0,0,0,0,0,0,0,1),(180,1,1,1,0,0,0,0,0,1),(181,1,1,1,0,0,0,0,0,1),(182,1,1,1,0,0,0,0,0,1),(183,1,1,1,0,0,0,0,0,1),(184,1,1,1,1,1,1,1,0,1),(185,1,1,1,0,0,0,0,0,1),(186,1,1,1,0,0,0,0,0,1),(187,1,1,1,1,1,1,1,0,1),(188,1,1,1,0,0,0,0,0,1),(189,1,1,1,0,0,0,0,0,1),(190,1,1,1,1,1,1,1,0,1),(191,1,1,1,1,1,1,1,0,1),(192,1,1,1,0,0,0,0,0,1),(193,1,1,1,1,0,0,0,0,1),(194,1,1,1,0,0,0,0,0,1),(195,1,1,1,0,0,0,0,0,1),(196,1,0,0,0,0,0,0,0,1),(197,1,1,0,0,0,0,0,0,1),(198,1,1,1,0,0,0,0,0,1),(199,1,1,1,0,0,0,0,0,1),(200,1,1,1,0,0,0,0,0,1),(201,1,1,1,1,1,1,1,1,1),(202,1,1,1,0,0,0,0,0,1),(203,1,1,1,0,0,0,0,0,1),(204,1,1,1,0,0,0,0,0,1),(205,1,0,0,0,0,0,0,0,1),(206,1,1,1,0,0,0,0,0,1),(207,1,1,1,0,0,0,0,0,1),(208,1,0,0,0,0,0,0,0,1),(209,1,1,1,0,0,0,0,0,1),(210,1,1,1,1,1,1,1,0,1),(211,1,1,1,0,0,0,0,0,1),(212,1,1,1,1,0,0,0,0,1),(213,1,1,1,0,0,0,0,0,1),(214,1,1,0,0,0,0,0,0,1),(215,1,1,1,0,0,0,0,0,1),(216,1,1,1,0,0,0,0,0,1),(217,1,1,0,0,0,0,0,0,1),(218,1,1,1,0,0,0,0,0,1),(219,1,1,1,0,0,0,0,0,1),(220,1,1,1,0,0,0,0,0,1),(221,1,1,1,0,0,0,0,0,1),(222,1,1,0,0,0,0,0,0,1),(223,1,1,1,0,0,0,0,0,1),(224,1,1,1,0,0,0,0,0,1),(225,1,1,1,0,0,0,0,0,1),(226,1,1,1,0,0,0,0,0,1),(227,1,1,1,1,0,0,0,0,1),(228,1,1,1,0,0,0,0,0,1),(229,1,1,0,0,0,0,0,0,1),(230,1,0,0,0,0,0,0,0,1),(231,1,1,1,0,0,0,0,0,1),(232,1,1,1,0,0,0,0,0,1),(233,1,1,1,0,0,0,0,0,1),(234,1,1,1,1,1,1,1,0,1),(235,1,1,1,0,0,0,0,0,1),(236,1,1,1,0,0,0,0,0,1),(237,1,1,0,0,0,0,0,0,1),(238,1,1,1,1,1,1,1,0,1),(239,1,1,1,0,0,0,0,0,1),(240,1,1,1,0,0,0,0,0,1),(241,1,1,1,0,0,0,0,0,1),(242,1,1,1,0,0,0,0,0,1),(243,1,1,1,0,0,0,0,0,1),(244,1,1,1,0,0,0,0,0,1),(245,1,1,1,0,0,0,0,0,1),(246,1,1,1,0,0,0,0,0,1),(247,1,1,1,0,0,0,0,0,1),(248,1,1,1,0,0,0,0,0,1),(249,1,1,1,0,0,0,0,0,1),(250,1,1,0,0,0,0,0,0,1),(251,1,1,1,0,0,0,0,0,1),(252,1,1,1,0,0,0,0,0,1),(253,1,1,1,0,0,0,0,0,1),(254,1,1,1,0,0,0,0,0,1),(255,1,1,1,0,0,0,0,0,1),(256,1,1,1,1,1,1,1,0,1),(257,1,0,0,0,0,0,0,0,1),(258,1,0,0,0,0,0,0,0,1),(259,1,1,1,1,1,1,1,1,1),(260,1,1,1,0,0,0,0,0,1);
/*!40000 ALTER TABLE `payment` ENABLE KEYS */;
UNLOCK TABLES;

--
-- Table structure for table `payment_status`
--

DROP TABLE IF EXISTS `payment_status`;
/*!40101 SET @saved_cs_client     = @@character_set_client */;
/*!50503 SET character_set_client = utf8mb4 */;
CREATE TABLE `payment_status` (
  `id_status` int NOT NULL AUTO_INCREMENT,
  `description_status` varchar(45) NOT NULL,
  PRIMARY KEY (`id_status`)
) ENGINE=InnoDB AUTO_INCREMENT=4 DEFAULT CHARSET=utf8;
/*!40101 SET character_set_client = @saved_cs_client */;

--
-- Dumping data for table `payment_status`
--

LOCK TABLES `payment_status` WRITE;
/*!40000 ALTER TABLE `payment_status` DISABLE KEYS */;
INSERT INTO `payment_status` VALUES (1,'AL CORRIENTE'),(2,'ATRASADO'),(3,'EN RIESGO');
/*!40000 ALTER TABLE `payment_status` ENABLE KEYS */;
UNLOCK TABLES;

--
-- Table structure for table `report`
--

DROP TABLE IF EXISTS `report`;
/*!40101 SET @saved_cs_client     = @@character_set_client */;
/*!50503 SET character_set_client = utf8mb4 */;
CREATE TABLE `report` (
  `id_report` int NOT NULL AUTO_INCREMENT,
  `first_partial_report` decimal(10,0) DEFAULT NULL,
  `second_partial_report` decimal(10,0) DEFAULT NULL,
  `avg_report` decimal(10,0) DEFAULT NULL,
  PRIMARY KEY (`id_report`)
) ENGINE=InnoDB AUTO_INCREMENT=261 DEFAULT CHARSET=utf8;
/*!40101 SET character_set_client = @saved_cs_client */;

--
-- Dumping data for table `report`
--

LOCK TABLES `report` WRITE;
/*!40000 ALTER TABLE `report` DISABLE KEYS */;
INSERT INTO `report` VALUES (1,0,0,0),(2,0,0,0),(3,0,0,0),(4,0,0,0),(5,0,0,0),(6,0,0,0),(7,0,0,0),(8,0,0,0),(9,0,0,0),(10,0,0,0),(11,0,0,0),(12,0,0,0),(13,0,0,0),(14,0,0,0),(15,0,0,0),(16,0,0,0),(17,0,0,0),(18,0,0,0),(19,0,0,0),(20,0,0,0),(21,0,0,0),(22,0,0,0),(23,0,0,0),(24,0,0,0),(25,0,0,0),(26,0,0,0),(27,0,0,0),(28,0,0,0),(29,0,0,0),(30,0,0,0),(31,0,0,0),(32,0,0,0),(33,0,0,0),(34,0,0,0),(35,0,0,0),(36,0,0,0),(37,0,0,0),(38,0,0,0),(39,0,0,0),(40,0,0,0),(41,0,0,0),(42,0,0,0),(43,0,0,0),(44,0,0,0),(45,0,0,0),(46,0,0,0),(47,0,0,0),(48,0,0,0),(49,0,0,0),(50,0,0,0),(51,0,0,0),(52,0,0,0),(53,0,0,0),(54,0,0,0),(55,0,0,0),(56,0,0,0),(57,0,0,0),(58,0,0,0),(59,0,0,0),(60,0,0,0),(61,0,0,0),(62,0,0,0),(63,0,0,0),(64,0,0,0),(65,0,0,0),(66,0,0,0),(67,0,0,0),(68,0,0,0),(69,0,0,0),(70,0,0,0),(71,0,0,0),(72,0,0,0),(73,0,0,0),(74,0,0,0),(75,0,0,0),(76,0,0,0),(77,0,0,0),(78,0,0,0),(79,0,0,0),(80,0,0,0),(81,0,0,0),(82,0,0,0),(83,0,0,0),(84,0,0,0),(85,0,0,0),(86,0,0,0),(87,0,0,0),(88,0,0,0),(89,0,0,0),(90,0,0,0),(91,0,0,0),(92,0,0,0),(93,0,0,0),(94,0,0,0),(95,0,0,0),(96,0,0,0),(97,0,0,0),(98,0,0,0),(99,0,0,0),(100,0,0,0),(101,0,0,0),(102,0,0,0),(103,0,0,0),(104,0,0,0),(105,0,0,0),(106,0,0,0),(107,0,0,0),(108,0,0,0),(109,0,0,0),(110,0,0,0),(111,0,0,0),(112,0,0,0),(113,0,0,0),(114,0,0,0),(115,0,0,0),(116,0,0,0),(117,0,0,0),(118,0,0,0),(119,0,0,0),(120,0,0,0),(121,0,0,0),(122,0,0,0),(123,0,0,0),(124,0,0,0),(125,0,0,0),(126,0,0,0),(127,0,0,0),(128,0,0,0),(129,0,0,0),(130,0,0,0),(131,0,0,0),(132,0,0,0),(133,0,0,0),(134,0,0,0),(135,0,0,0),(136,0,0,0),(137,0,0,0),(138,0,0,0),(139,0,0,0),(140,0,0,0),(141,0,0,0),(142,0,0,0),(143,0,0,0),(144,0,0,0),(145,0,0,0),(146,0,0,0),(147,0,0,0),(148,0,0,0),(149,0,0,0),(150,0,0,0),(151,0,0,0),(152,0,0,0),(153,0,0,0),(154,0,0,0),(155,0,0,0),(156,0,0,0),(157,0,0,0),(158,0,0,0),(159,0,0,0),(160,0,0,0),(161,0,0,0),(162,0,0,0),(163,0,0,0),(164,0,0,0),(165,0,0,0),(166,0,0,0),(167,0,0,0),(168,0,0,0),(169,0,0,0),(170,0,0,0),(171,0,0,0),(172,0,0,0),(173,0,0,0),(174,0,0,0),(175,0,0,0),(176,0,0,0),(177,0,0,0),(178,0,0,0),(179,0,0,0),(180,0,0,0),(181,0,0,0),(182,0,0,0),(183,0,0,0),(184,0,0,0),(185,0,0,0),(186,0,0,0),(187,0,0,0),(188,0,0,0),(189,0,0,0),(190,0,0,0),(191,0,0,0),(192,0,0,0),(193,0,0,0),(194,0,0,0),(195,0,0,0),(196,0,0,0),(197,0,0,0),(198,0,0,0),(199,0,0,0),(200,0,0,0),(201,0,0,0),(202,0,0,0),(203,0,0,0),(204,0,0,0),(205,0,0,0),(206,0,0,0),(207,0,0,0),(208,0,0,0),(209,0,0,0),(210,0,0,0),(211,0,0,0),(212,0,0,0),(213,0,0,0),(214,0,0,0),(215,0,0,0),(216,0,0,0),(217,0,0,0),(218,0,0,0),(219,0,0,0),(220,0,0,0),(221,0,0,0),(222,0,0,0),(223,0,0,0),(224,0,0,0),(225,0,0,0),(226,0,0,0),(227,0,0,0),(228,0,0,0),(229,0,0,0),(230,0,0,0),(231,0,0,0),(232,0,0,0),(233,0,0,0),(234,0,0,0),(235,0,0,0),(236,0,0,0),(237,0,0,0),(238,0,0,0),(239,0,0,0),(240,0,0,0),(241,0,0,0),(242,0,0,0),(243,0,0,0),(244,0,0,0),(245,0,0,0),(246,0,0,0),(247,0,0,0),(248,0,0,0),(249,0,0,0),(250,0,0,0),(251,0,0,0),(252,0,0,0),(253,0,0,0),(254,0,0,0),(255,0,0,0),(256,0,0,0),(257,0,0,0),(258,0,0,0),(259,0,0,0),(260,0,0,0);
/*!40000 ALTER TABLE `report` ENABLE KEYS */;
UNLOCK TABLES;

--
-- Table structure for table `students`
--

DROP TABLE IF EXISTS `students`;
/*!40101 SET @saved_cs_client     = @@character_set_client */;
/*!50503 SET character_set_client = utf8mb4 */;
CREATE TABLE `students` (
  `id_student` int NOT NULL AUTO_INCREMENT,
  `id_teacher_student` int DEFAULT '0',
  `id_report_student` int NOT NULL,
  `id_payment_student` int NOT NULL,
  `id_user_student` int NOT NULL,
  `apellido_paterno_student` varchar(45) NOT NULL,
  `apellido_materno_student` varchar(45) NOT NULL,
  `nombre_student` varchar(45) NOT NULL,
  `telefono1_student` varchar(10) NOT NULL DEFAULT '0',
  `telefono2_student` varchar(10) DEFAULT NULL,
  `fecha_nacimiento_student` date NOT NULL,
  `email_student` varchar(45) DEFAULT NULL,
  `sale_solo` tinyint DEFAULT NULL,
  PRIMARY KEY (`id_student`),
  KEY `id_teacher_student_idx` (`id_teacher_student`),
  KEY `id_user_student_idx` (`id_user_student`),
  KEY `id_report_idx` (`id_report_student`),
  KEY `id_payment_idx` (`id_payment_student`),
  CONSTRAINT `id_payment` FOREIGN KEY (`id_payment_student`) REFERENCES `payment` (`id_payment`),
  CONSTRAINT `id_report` FOREIGN KEY (`id_report_student`) REFERENCES `report` (`id_report`),
  CONSTRAINT `id_teacher_student` FOREIGN KEY (`id_teacher_student`) REFERENCES `teachers` (`id_teacher`),
  CONSTRAINT `id_user_student` FOREIGN KEY (`id_user_student`) REFERENCES `users` (`id_user`)
) ENGINE=InnoDB AUTO_INCREMENT=260 DEFAULT CHARSET=utf8;
/*!40101 SET character_set_client = @saved_cs_client */;

--
-- Dumping data for table `students`
--

LOCK TABLES `students` WRITE;
/*!40000 ALTER TABLE `students` DISABLE KEYS */;
INSERT INTO `students` VALUES (1,NULL,1,1,1,'ACEVEDO','CORTES','SANTIAGO','5630584230',NULL,'2025-04-03',NULL,0),(2,NULL,2,2,2,'ACEVEDO','FALCON','TATIANA GERALDINE','5579605292',NULL,'2025-04-03',NULL,0),(3,NULL,3,3,3,'ACOSTA','ORDORICA','MANUEL ALEJANDRO','0',NULL,'2025-04-03',NULL,0),(4,NULL,4,4,4,'AGUILAR','GARCIA','LEONARDO YAEL','5519053075',NULL,'2025-04-03',NULL,0),(5,NULL,5,5,5,'AGUILAR','MARTINEZ','FRIDA VALENTINA','5525163400','5626977717','2010-09-11',NULL,1),(6,NULL,6,6,6,'AGUILAR','VILLANUEVA','ALLISON ZOE','5538828193','5514963728','2012-10-27',NULL,1),(7,NULL,7,7,7,'AGUILAR','VILLANUEVA','SOFIA','5538828193','5514963728','2014-06-19',NULL,0),(8,NULL,8,8,8,'AHINARA','GARCIA','BOJORQUEZ','0',NULL,'2025-04-03',NULL,0),(9,NULL,9,9,12,'ALAGBE','MUYCELO','TEMITAYO GRACE','5521877487',NULL,'2015-08-01',NULL,0),(10,NULL,10,10,10,'ALAMILLA','FUENTES','WUIDO SANTIAGO','5528074820','5545096446','2012-04-26',NULL,0),(11,NULL,11,11,11,'ALONSO','MORALES','ERIKA AIXA','0',NULL,'2025-04-03',NULL,0),(12,NULL,12,12,13,'AMADOR','TABLA','ANDREA DENISE','5545996386',NULL,'2017-04-15',NULL,0),(13,NULL,13,13,15,'ANGELES','ACOSTA','ANDREA MARISOL','7221463282',NULL,'2009-06-20',NULL,1),(14,NULL,14,14,16,'AQUINO','GARCIA','SANTIAGO','5529418160',NULL,'2025-04-03',NULL,1),(15,NULL,15,15,17,'AQUINO','GARCIA','TAMARA','5529418160',NULL,'2025-04-03',NULL,0),(16,NULL,16,16,20,'AREVALO','GONZALEZ','LYAN','5549892934',NULL,'2025-04-03',NULL,0),(17,NULL,17,17,21,'ARRAZOLA','MARTINEZ','SAMUEL ISAAC','5591038082','5559891241','2009-04-09',NULL,0),(18,NULL,18,18,22,'ARRAZOLA','MARTINEZ','XIMENA','555989124','5591038082','2011-03-08',NULL,1),(19,NULL,19,19,23,'ARRAZOLA','SANJUAN','CAMILA SOFIA','5512861963','5545490234','2025-04-03',NULL,1),(20,NULL,20,20,19,'ARROYO','DOMINGUEZ','ISAAC GAEL','5533729880',NULL,'2025-04-03',NULL,0),(21,NULL,21,21,18,'ARROYO','DOMINGUEZ','DAVID EMILIANO','5533729880','0','2012-09-19',NULL,0),(22,NULL,22,22,24,'AYALA','BERNABE','JUAN RAMON','5529167203','0','2025-04-03',NULL,1),(23,NULL,23,23,27,'BAEZA','PEREZ','PAMELA','5540070517','5518329576','2025-04-03',NULL,1),(24,NULL,24,24,28,'BAEZA','PEREZ','SOFIA','5540070517','5548879639','2025-04-03',NULL,0),(25,NULL,25,25,29,'BARAJAS','RODRIGUEZ','VANIA','5524158125','0','2025-04-03',NULL,1),(26,NULL,26,26,25,'BARRON','ALVA','VIRIDIANA','5511345684','0','2025-04-03',NULL,1),(27,NULL,27,27,26,'BASTIDA','CASTRO','MOISES','5512566751','0','2009-09-16',NULL,0),(28,NULL,28,28,30,'BENITEZ','ROMERO','SOY JUN ABIGAITH','5612756267',NULL,'2025-04-03',NULL,0),(29,NULL,29,29,31,'BOYZO','ARRIAGA','NATALIA EUNICE','5567034505','0','2010-03-23',NULL,1),(30,NULL,30,30,32,'CAMPOS','DELGADILLO','SAMUEL','5530797287',NULL,'2025-04-03',NULL,1),(31,NULL,31,31,37,'CAÑAS','SANCHEZ','ITAII ITZAYANA','5570854417','5548937874','2012-08-07',NULL,0),(32,NULL,32,32,38,'CARDENAS','VARGAS','RODRIGO','5539193358','5519636471','2025-04-03',NULL,0),(33,NULL,33,33,35,'CARRANCO','MANCERA','JAEL','5518980724',NULL,'2025-04-03',NULL,0),(34,NULL,34,34,34,'CARRILLO','ISLAS','SAMANTHA ITZAE','0',NULL,'2010-05-26',NULL,1),(35,NULL,35,35,33,'CASTRO','GOMEZ','JESUS RODRIGO','5563173097','5563174084','2010-04-09',NULL,0),(36,NULL,36,36,36,'CASTRO','SAN AGUSTIN','FERNANDA','5576737818','5550547133','2012-10-15',NULL,0),(37,NULL,37,37,41,'CEJA','LOPEZ','RENATA SHADDAI','5543200463','5585758978','2025-04-03',NULL,0),(38,NULL,38,38,40,'CEJA','LOPEZ','ALEXA SOFIA','5543200463','5585757589','2016-01-10',NULL,0),(39,NULL,39,39,42,'CERVANTES','RUIZ','ALEX LEINAD','5611758166','5618164781','2012-01-01',NULL,1),(40,NULL,40,40,43,'CHAVEZ','MARTINEZ','ANGEL GABRIEL','5537273644',NULL,'2015-04-13',NULL,0),(41,NULL,41,41,48,'COLUNGA','MALDONADO','HIRAM','5585412217','5510326369','2012-11-17',NULL,0),(42,NULL,42,42,47,'CONCHAS','GONZALEZ','LENDALY SUGEY','5512469845',NULL,'2025-04-03',NULL,0),(43,NULL,43,43,46,'CONTRERAS','GONZALEZ','ALEXA XIMENA','5582111504',NULL,'2013-11-21',NULL,0),(44,NULL,44,44,45,'CORREA','ELIZALDE','FATIMA NATALIA','5522125653','5534110431','2017-01-17',NULL,0),(45,NULL,45,45,49,'CRUZ','BELLO','SANTIAGO','5566171134',NULL,'2015-11-19',NULL,0),(46,NULL,46,46,51,'CRUZ','MARTINEZ','ZURI DAYANA','5522985593','2382071648','2011-09-12',NULL,1),(47,NULL,47,47,50,'CRUZ','MORALES','CARLOS','5527489780','5528956634','2025-04-03',NULL,0),(48,NULL,48,48,52,'CRUZ','SOSA','CAMILA','5541853314',NULL,'2025-04-03',NULL,0),(49,NULL,49,49,54,'CUEVAS','TRIGUEROS','ANGEL SANTIAGO','5575294176',NULL,'2025-04-03',NULL,1),(50,NULL,50,50,55,'CUEVAS','TRIGUEROS','MIA REGINA','5575294176',NULL,'2025-04-03',NULL,1),(51,NULL,51,51,53,'CUREÑO','PEREZ','JORGE EVAN','5541854713',NULL,'2014-05-26',NULL,0),(52,NULL,52,52,56,'DE LA CRUZ','ALONSO','ABIGAIL','5548270880','5539546517','2025-04-03',NULL,0),(53,NULL,53,53,57,'DE LA CRUZ','BAHENA','IAN ALEXANDER','5580265484','5525370791','2011-01-21',NULL,0),(54,NULL,54,54,58,'DE LA CRUZ','CALVA','YUIATZIN MAYTE','0',NULL,'2015-11-26',NULL,0),(55,NULL,55,55,59,'DE LA CRUZ','DAVILA','GEMA ALEJANDRA','5578412344',NULL,'2025-04-03',NULL,0),(56,NULL,56,56,60,'DE LA CRUZ','IBAÑEZ','ROBERTO GAEL','5565008099',NULL,'2016-01-11',NULL,0),(57,NULL,57,57,61,'DE PAZ','MIJANGOS','PALOMA','5542135017',NULL,'2025-04-03',NULL,0),(58,NULL,58,58,63,'DIAZ','GOMEZ','YARETZI','5517614509','5578357766','2011-04-14',NULL,0),(59,NULL,59,59,62,'DIAZ','GOMEZ','IXCHEL','5517614509','5578357766','2011-08-07',NULL,0),(60,NULL,60,60,64,'DIAZ','LOPEZ','JACQUELINE','5567086176','5567085276','2011-09-20',NULL,0),(61,NULL,61,61,65,'DOMINGUEZ','GARCIA','CARLOS DANIEL','5530522284',NULL,'2012-07-26',NULL,0),(62,NULL,62,62,67,'DOMINGUEZ','PEREZ','DEREK MAXIMILIANO','5562197112','5541854713','2017-10-01',NULL,0),(63,NULL,63,63,66,'DONAT','ISLAS','VALENTINA','5544811216','5525076000','2025-04-03',NULL,0),(64,NULL,64,64,68,'ENRIQUEZ','CAJIGAL','EMILY','5544742336','5570244317','2025-04-03',NULL,0),(65,NULL,65,65,71,'ESCOBAR','MORALES','JOSELYN','5618171709','5579524953','2009-12-19',NULL,0),(66,NULL,66,66,72,'ESCOBAR','MORALES','YAMILETH','5578524953',NULL,'2014-02-20',NULL,0),(67,NULL,67,67,69,'ESQUIVEL','CASTRO','JULIA CATALINA','5554302904','5614520784','2017-07-16',NULL,0),(68,NULL,68,68,70,'ESTEFES','HERNANDEZ','MAIREM GUADALUPE','5583838207','5549320582','2015-10-08',NULL,0),(69,NULL,69,69,73,'EVANGELISTA','GONZALEZ','DIANA GUADALUPE','5527717049',NULL,'2025-04-03',NULL,1),(70,NULL,70,70,74,'FERREIRA','ARIAS','ERICK DANIEL','5560667408',NULL,'2014-09-18',NULL,0),(71,NULL,71,71,75,'FERREIRA','ARIAS','REGINA','5560667408',NULL,'2014-09-18',NULL,0),(72,NULL,72,72,76,'FLORES','CORTES','JUAN ZAID','5540433572',NULL,'2012-08-13',NULL,0),(73,NULL,73,73,77,'FLORES','GUTIERREZ','JOSHUA','5527060648',NULL,'2016-05-14',NULL,0),(74,NULL,74,74,78,'FLORES','GUTIERREZ','MOSHE','5526224529',NULL,'2016-05-10',NULL,0),(75,NULL,75,75,79,'FLORES','OSORNIO','XIMENA NEFHTALI','5517594330','5549825901','2010-06-10',NULL,1),(76,NULL,76,76,80,'FRAGOSO','HERNANDEZ','FATIMA ITZEL','9933618288',NULL,'2014-05-05',NULL,0),(77,NULL,77,77,81,'FUENTES','MARTINEZ','DANIEL ALEJANDRO','5514966113','0','2025-04-03',NULL,0),(78,NULL,78,78,82,'FUENTES','MARTINEZ','LUIS OCTAVIO','5514966113',NULL,'2025-04-03',NULL,0),(79,NULL,79,79,83,'FUENTES','MUÑOZ','MAYRA SOFIA','5538852955',NULL,'2025-04-03',NULL,0),(80,NULL,80,80,84,'FUENTES','MUÑOZ','TADEO','5637302974','5538852955','2025-04-03',NULL,0),(81,NULL,81,81,89,'GALVAN','GARCIA','SOFIA','5574095264','5575311364','2012-09-10',NULL,1),(82,NULL,82,82,87,'GARCIA','GARCIA','ALEXIA ROMINA','5576705324','5618532610','2012-08-17',NULL,0),(83,NULL,83,83,88,'GARCIA','GUADARRAMA','LILITH AMEYALI','0',NULL,'2014-08-17',NULL,0),(84,NULL,84,84,90,'GARCIA','QUINTERO','ABNER MATEO','5513436853',NULL,'2025-04-03',NULL,0),(85,NULL,85,85,91,'GARCIA','RODRIGUEZ','JORGE EMILIANO','5528789061','5554997089','2015-03-24',NULL,0),(86,NULL,86,86,92,'GARCIA','ROJAS','PAULA YARETZI','5524263520','5533468283','2025-04-03',NULL,0),(87,NULL,87,87,96,'GOMEZ','FLORES','QUETZALLI YARETZI','5587808449','5537141379','2025-04-03',NULL,0),(88,NULL,88,88,98,'GOMEZ','MIRANDA','SERGIO JESUS','5511491465','5585720737','2012-07-30',NULL,0),(89,NULL,89,89,94,'GONZALES','CORTE','ARIADNE YALI','5574558916',NULL,'2016-04-19',NULL,0),(90,NULL,90,90,93,'GONZALEZ','ARROYO','CAMILA ZOE','5565806212',NULL,'2025-04-03',NULL,1),(91,NULL,91,91,95,'GONZALEZ','FLORES','ANGEL AARON','5523067064',NULL,'2012-04-15',NULL,0),(92,NULL,92,92,97,'GONZALEZ','GOMEZ','NICOLAS','5563366964',NULL,'2016-10-31',NULL,0),(93,NULL,93,93,99,'GONZALEZ','RODRIGUEZ','SANTIAGO','5540211896','5572932974','2025-04-03',NULL,1),(94,NULL,94,94,100,'GONZALEZ','RODRIGUEZ','SAUL FELIPE','5540211896','5572932974','2025-04-03',NULL,0),(95,NULL,95,95,101,'GRANADOS','GARCIA','BIANCA MABEL','0',NULL,'2014-09-02',NULL,0),(96,NULL,96,96,102,'GRANADOS','GARCIA','JULIETA ISABEL','0',NULL,'2004-09-21',NULL,0),(97,NULL,97,97,104,'GUDIÑO','BENITEZ','DARIO FERNANDO','5538590789','5532359286','2012-05-16',NULL,0),(98,NULL,98,98,103,'GUEVARA','ARELLANO','MIA DENISSE','5564610932',NULL,'2015-01-07',NULL,0),(99,NULL,99,99,105,'GUTIERREZ','MENDEZ','MELANIE ITXEL','5532419273',NULL,'2025-04-03',NULL,0),(100,NULL,100,100,106,'GUTIERREZ','OLMOS','MIGUEL ISAIAS','5537852788',NULL,'2013-02-27',NULL,0),(101,NULL,101,101,104,'GUZMAN','ANTUNEZ','RENATA GEORGINA','5561801521',NULL,'2025-04-03',NULL,1),(102,NULL,102,102,107,'GUZMAN','ROSAS','ANA PAOLA','5544947565','5527245202','2011-10-30',NULL,1),(103,NULL,103,103,108,'GUZMAN','ROSAS','ANDREA SOFIA','5527245202',NULL,'2014-11-23',NULL,0),(104,NULL,104,104,109,'GUZMAN','ROSAS','FERNANDA','5527245202',NULL,'2013-07-01',NULL,0),(105,NULL,105,105,111,'HERNANDEZ','ESPINOZA','ALEXIA JOSELYN','5641365866','5577181597','2017-11-25',NULL,0),(106,NULL,106,106,112,'HERNANDEZ','GARCIA','AXEL KAREEM','5518264218',NULL,'2013-04-30',NULL,0),(107,NULL,107,107,113,'HERNANDEZ','HERNANDEZ','DASHA NOVALEE','5554319971','5538848176','2010-12-06',NULL,0),(108,NULL,108,108,114,'HERNANDEZ','MONTIEL','AMERICA NAOMI','5572204457',NULL,'2025-04-03',NULL,0),(109,NULL,109,109,116,'HERNANDEZ','RAMOS','EVA GABRIEL','5517270791','5546344751','2013-06-17',NULL,0),(110,NULL,110,110,117,'HERNANDEZ','REZA','RIGOBERTO KAROL','5591968827','5540961516','2012-04-27',NULL,0),(111,NULL,111,111,115,'HERNANDEZ','RUIZ','DAVID AARON','5559032413','5539055996','2010-09-08',NULL,1),(112,NULL,112,112,118,'HERNANDEZ','VIVEROS','ALONDRA JIMENA','5561494992',NULL,'2025-04-03',NULL,0),(113,NULL,113,113,119,'HERNANDEZ','VIVEROS','ANGEL EMILIO','5561494992',NULL,'2011-10-25',NULL,0),(114,NULL,114,114,110,'HERRERA','CABALLERO','LENNA GALADRIEL','0',NULL,'2016-01-11',NULL,0),(115,NULL,115,115,121,'ISARRARAS','GONZALEZ','MILA CONSTANZA','5523067064',NULL,'2015-07-06',NULL,0),(116,NULL,116,116,122,'ISIDRA','MARCELINO','JIMENA','5554596063',NULL,'2009-10-27',NULL,1),(117,NULL,117,117,123,'JIMENEZ','MALDONADO','LEONARDO','0',NULL,'2025-04-03',NULL,0),(118,NULL,118,118,124,'JIMENEZ','RAMIREZ','ERICK DAVID','5510890115','5549107690','2025-04-03',NULL,0),(119,NULL,119,119,125,'JIMENEZ','VENTURA','ETHAN SANTIAGO','5551446594',NULL,'2010-07-12',NULL,1),(120,NULL,120,120,126,'JUAREZ','GARCIA','EMANUEL','5511517077',NULL,'2025-04-03',NULL,1),(121,NULL,121,121,127,'JUAREZ','GARCIA','RUTH VALENTINA','5511517077','5548879639','2025-04-03',NULL,0),(122,NULL,122,122,130,'LAGUNA','GARCIA','ESTHER SARAHI','5517036207','5512909393','2010-05-18',NULL,0),(123,NULL,123,123,132,'LAGUNA','TELLEZ','ERICK URIEL','5544421721',NULL,'2010-05-24',NULL,0),(124,NULL,124,124,131,'LARA','ROJAS','ITZAM CALEB','5542571403',NULL,'2025-04-03',NULL,0),(125,NULL,125,125,133,'LAZCANO','VELAZQUEZ','ANGELIQUE NICOLE','5571679926',NULL,'2025-04-03',NULL,1),(126,NULL,126,126,134,'LAZCANO','VELAZQUEZ','LEVID ARTURO','5571679926',NULL,'2011-10-04',NULL,1),(127,NULL,127,127,135,'LOPEZ','ARIAS','SEBASTIAN','5571740695',NULL,'2017-08-27',NULL,0),(128,NULL,128,128,137,'LOPEZ','FLORES','SANTIAGO','5511275902','5635933150','2025-04-03',NULL,0),(129,NULL,129,129,138,'LOPEZ','MEDINA','GABRIELA','5538885407',NULL,'2025-04-03',NULL,1),(130,NULL,130,130,139,'LOPEZ','MORELOS','NAOMI','5522158658',NULL,'2012-10-19',NULL,0),(131,NULL,131,131,140,'LOPEZ','ORTEGA','AMALIA XIMENA','5585582638','0','2013-08-07',NULL,0),(132,NULL,132,132,141,'LOPEZ','RUVALCABA','ISABELLA','5539960091',NULL,'2025-04-03',NULL,1),(133,NULL,133,133,142,'LOPEZ','VARGAS','ALEX ZURIEL','5518616925','5523275638','2025-04-03',NULL,0),(134,NULL,134,134,143,'LOPEZ','VARGAS','VICTOR MANUEL','5523275638','5518616925','2025-04-03',NULL,0),(135,NULL,135,135,136,'LOZADA','CORREA','DAYANA','5541789068',NULL,'2025-04-03',NULL,1),(136,NULL,136,136,145,'LUNA','MORALES','CESAR','5521449095','5517310334','2013-08-12',NULL,0),(137,NULL,137,137,147,'LUNA','PULIDO','CAMILA','5518100031','5527173700','2025-04-03',NULL,1),(138,NULL,138,138,146,'LUNA','PULIDO','ALEXANDER','5518100031','5527371700','2011-05-18',NULL,1),(139,NULL,139,139,148,'LUNA','SOTO','MAXIMILIANO','5532694522','5626790000','2025-04-03',NULL,0),(140,NULL,140,140,153,'MACIAS','CUEVAS','FERNANDO','5549876878',NULL,'2015-08-27',NULL,1),(141,NULL,141,141,156,'MACIAS','CUEVAS','VICTORIA','5549876878',NULL,'2013-08-20',NULL,0),(142,NULL,142,142,160,'MALDONADO','ROMERO','NAHUM RAFAEL','5530732356','5513444535','2025-04-03',NULL,0),(143,NULL,143,143,151,'MARQUEZ','CAMPERO','EMILY ROMINA','5583505765','5539530266','2025-04-03',NULL,0),(144,NULL,144,144,149,'MARTINEZ','ARRAZOLA','CRISTIAN ALEJANDRO','5578978413','5535643218','2013-10-14',NULL,0),(145,NULL,145,145,154,'MARTINEZ','CELIS','MARIA LUISA','5562072008',NULL,'2025-04-03',NULL,1),(146,NULL,146,146,155,'MARTINEZ','CELIS','SAMANTHA MARIA','5562072008',NULL,'2014-03-21',NULL,1),(147,NULL,147,147,152,'MARTINEZ','CRUZ','FABIOLA GERALDIN','5564396356','5572079781','2025-04-03',NULL,0),(148,NULL,148,148,157,'MARTINEZ','MARQUEZ','MIGUEL ANGEL','5512428131','5543758893','2025-04-03',NULL,1),(149,NULL,149,149,150,'MAYORAL','CUELLAR','DANNAE VIRGINIA','5514717907','5519646279','2014-04-17',NULL,0),(150,NULL,150,150,158,'MAYORGA','RUIZ','LISSETH MARIAN','5519521854','0','2025-04-03',NULL,0),(151,NULL,151,151,159,'MAYORGA','RUIZ','MARIA FERNANDA','5519521854',NULL,'2025-04-03',NULL,1),(152,NULL,152,152,164,'MEDINA','GARCIA','NATHALY YAMILETH','5643728412','5626611232','2025-04-03',NULL,0),(153,NULL,153,153,165,'MEJIA','HERNANDEZ','RENATA VALERIA','5532099998',NULL,'2025-04-03',NULL,0),(154,NULL,154,154,161,'MENDOZA','ALVAREZ','VICTORIA ABIGAIL','5543632869','5584809726','2011-11-02',NULL,0),(155,NULL,155,155,162,'MENDOZA','DOMINGUEZ','TAMARA ALITZEL','5583400905','5519765486','2025-04-03',NULL,0),(156,NULL,156,156,163,'MENDOZA','GUERRA','MARIANA','5537638935','5515372586','2025-04-03',NULL,0),(157,NULL,157,157,167,'MIRANDA','BELTRAN','DANIA ISAI','5526752636','5525643614','2025-04-03',NULL,0),(158,NULL,158,158,168,'MONTAÑEZ','DURAN','MULLER DANIEL','5532717049',NULL,'2025-04-03',NULL,1),(159,NULL,159,159,169,'MORA','GARCIA','FERNANDA','5544717582','5549417241','2011-08-01',NULL,0),(160,NULL,160,160,170,'MORALES','JIMENEZ','ANA SOFIA','5549051168',NULL,'2025-04-03',NULL,0),(161,NULL,161,161,171,'MORALES','JIMENEZ','RICARDO DANIEL','5549051168',NULL,'2025-04-03',NULL,0),(162,NULL,162,162,172,'MORALES','JUAREZ','VALERIA','0',NULL,'2025-04-03',NULL,0),(163,NULL,163,163,173,'MORALES','ROMERO','ADRIAN HAZIEL','5651210445','5534972986','2011-09-19',NULL,0),(164,NULL,164,164,175,'MUÑOZ','RESENDIZ','KATHERINE LIZETH','5540852971','5544646765','2010-07-30',NULL,0),(165,NULL,165,165,174,'MUÑOZ','RESENDIZ','ALISSON DENISE','5540852971','5544646765','2013-12-10',NULL,0),(166,NULL,166,166,176,'MUÑOZ','VALDEZ','JESUS','5526770528',NULL,'2025-04-03',NULL,1),(167,NULL,167,167,178,'NAVA','HERNANDEZ','SANTIAGO ALEXANDER','5543551109','5530104117','2025-04-03',NULL,1),(168,NULL,168,168,177,'NAVA','HERNANDEZ','ALEXA VIVIANA','5543551109','5530104117','2011-06-24',NULL,1),(169,NULL,169,169,179,'NICACIO','RAMOS','MIREYA','5548960351',NULL,'2011-02-04',NULL,1),(170,NULL,170,170,180,'NOGUEZ','GOMEZ','FATIMA','5512991679','5542687756','2025-04-03',NULL,1),(171,NULL,171,171,181,'NOGUEZ','GOMEZ','VIANNEY','5512991679','5542687756','2009-11-03',NULL,1),(172,NULL,172,172,182,'OCAÑA','MONTOYA','PAULETTE ESMERALDA','5618938462',NULL,'2025-04-03',NULL,1),(173,NULL,173,173,184,'OLVERA','PEREZ','EMILIANO','5526944288','5522198989','2025-04-03',NULL,0),(174,NULL,174,174,183,'OLVERA','PEREZ','DANIELA','5526944288','5522198989','2015-08-22',NULL,0),(175,NULL,175,175,185,'ORDAZ','AVILES','JULIO CESAR','5540468062',NULL,'2010-07-02',NULL,1),(176,NULL,176,176,189,'OROPEZA','PEÑA','ERIKA AILIN','5527287214','5525448325','2025-04-03',NULL,1),(177,NULL,177,177,186,'ORTEGA','ANAYA','LEONARDO DAVID','5532064201',NULL,'2016-07-19',NULL,0),(178,NULL,178,178,188,'ORTEGA','MORA','XIMENA','5535185550',NULL,'2025-04-03',NULL,0),(179,NULL,179,179,187,'ORTIZ','LUNA','XIMENA','5565589121','5580105644','2010-12-06',NULL,0),(180,NULL,180,180,191,'OSORIO','MADRID','PAULA YARITZA','5534152963','5531671972','2011-01-16',NULL,0),(181,NULL,181,181,193,'PADILLA','ODILON','LUIS FERNANDO','5630305044',NULL,'2025-04-03',NULL,0),(182,NULL,182,182,194,'PAREDES','REVUELTAS','FATIMA ITZEL','0',NULL,'2013-01-17',NULL,0),(183,NULL,183,183,195,'PAREDES','REVUELTAS','RICARDO ABISAEL','5584548021','5532712068','2011-01-25',NULL,0),(184,NULL,184,184,198,'PEDRAZA','RANGEL','EVA SOFIA','5585603692','5521519573','2025-04-03',NULL,0),(185,NULL,185,185,196,'PEÑA','GONZALEZ','JOSE ANGEL','5532258714',NULL,'2025-04-03',NULL,0),(186,NULL,186,186,197,'PEREZ','MONTES','ELY GUADALUPE','5546830521','0','2025-04-03',NULL,0),(187,NULL,187,187,199,'PEREZ','SANCHEZ','LISSET LEONOR','5529440526',NULL,'2025-04-03',NULL,0),(188,NULL,188,188,201,'PILOTZI','GUERRERO','VALERY MICHELLE','5536674704','5551459658','2025-04-03',NULL,0),(189,NULL,189,189,200,'PINEDA','DIAZ','RENATO','5523016052','5547284701','2015-04-29',NULL,0),(190,NULL,190,190,202,'PRUDENCIO','JIMENEZ','ERICKA GUADALUPE','5521455136','5532020094','2011-02-16',NULL,1),(191,NULL,191,191,203,'QUEZADA','GUZMAN','KATHERINE','5544949071','5544674256','2025-04-03',NULL,1),(192,NULL,192,192,204,'QUEZADA','GUZMAN','SANTIAGO','5544949071',NULL,'2014-08-23',NULL,0),(193,NULL,193,193,207,'RAMIREZ','HERNANDEZ','EVELYN MARIBEL','5572807451',NULL,'2025-04-03',NULL,1),(194,NULL,194,194,208,'RAMOS','MARTINEZ','VICTORIA','5522977212','5559670913','2015-05-29',NULL,0),(195,NULL,195,195,206,'RANGEL','GARCIA','DANIELA NICOLE','5546727081','5580836868','2025-04-03',NULL,0),(196,NULL,196,196,205,'RANGEL','GARCIA','ADRIAN JESUS','5546727081','5580836860','2025-04-03',NULL,0),(197,NULL,197,197,209,'RANGEL','PRADO','JARED ISAI','5519352275','0','2025-04-03',NULL,0),(198,NULL,198,198,210,'RANGEL','PRADO','MARC JERICO','5519353275',NULL,'2025-04-03',NULL,1),(199,NULL,199,199,215,'REBOLLO','PICENO','KAREN ABRIL','5527804059','5554656459','2011-03-01',NULL,0),(200,NULL,200,200,211,'REYES','BECERRO','IRENE ITZEL','5539597340','5532388617','2017-05-19',NULL,0),(201,NULL,201,201,212,'REYES','GONZALEZ','VALENTINA NICOLE','5941172545','5539672047','2012-07-30',NULL,0),(202,NULL,202,202,213,'REYES','MENDEZ','DAFNE PAOLA','5532419273',NULL,'2025-04-03',NULL,0),(203,NULL,203,203,214,'REYES','PEREZ','CESAR','5580926229',NULL,'2025-04-03',NULL,0),(204,NULL,204,204,216,'RIVERA','CEDILLO','MEGAN','5519704131',NULL,'2025-04-03',NULL,1),(205,NULL,205,205,217,'RIVERA','CEDILLO','ZARA','5519704131',NULL,'2025-04-03',NULL,1),(206,NULL,206,206,219,'RIVERA','SALAZAR','DIANA CRISTINA','5537233865','5549973156','2012-06-07',NULL,0),(207,NULL,207,207,218,'RIVERO','REYES','MELISA MICHELLE','5519139952','5573819189','2013-10-19',NULL,0),(208,NULL,208,208,223,'RODRIGUEZ','CASTELA','JORGE JOSAFAT','5587976448','5562908900','2012-04-22',NULL,0),(209,NULL,209,209,222,'RODRIGUEZ','CRUZ','ERICKA ZAMARA','5574669776',NULL,'2009-11-06',NULL,1),(210,NULL,210,210,225,'RODRIGUEZ','GONZALEZ','DANNA VALENTINA','5548849527','5576151326','2025-04-03',NULL,0),(211,NULL,211,211,227,'RODRIGUEZ','LUNA','AMAYA XIMENA','5549207005',NULL,'2014-07-18',NULL,0),(212,NULL,212,212,230,'RODRIGUEZ','SANCHEZ','LEONARDO','5547649742',NULL,'2015-01-11',NULL,0),(213,NULL,213,213,231,'RODRIGUEZ','SANTIAGO','NAOMI YAMILET','5513049885',NULL,'2025-04-03',NULL,1),(214,NULL,214,214,224,'ROJAS','ESCAMILLA','JENIFER LIZBETH','5578089533','5562454549','2025-04-03',NULL,0),(215,NULL,215,215,229,'ROJAS','PRUDENCIO','SAUL','5584836862',NULL,'2011-01-04',NULL,1),(216,NULL,216,216,226,'ROMERO','GOMEZ','ELIZABETH','5582048765','5528488619','2012-09-03',NULL,0),(217,NULL,217,217,221,'ROSARIO','APOLONIO','LESLY CAMILA','5569780828',NULL,'2012-07-14',NULL,0),(218,NULL,218,218,228,'ROSAS','MARTINEZ','JESUS EMILIANO','5566014210','0','2025-04-03',NULL,0),(219,NULL,219,219,232,'RUIZ','CARMONA','IKER ALEXANDER','5631158690',NULL,'2025-04-03',NULL,0),(220,NULL,220,220,233,'RUIZ','HERRERA','JESUS ALEJANDRO','5520716848','5561106405','2011-02-11',NULL,0),(221,NULL,221,221,234,'RUIZ','SOTO','SEBASTIAN','5538373965',NULL,'2012-03-02',NULL,0),(222,NULL,222,222,242,'SAAVEDRA','NAVARRETE','ANGEL KALED','551154234','552246091','2025-04-03',NULL,0),(223,NULL,223,223,235,'SALGADO','AYALA','VALERIA','5519559426','5581336093','2025-04-03',NULL,0),(224,NULL,224,224,240,'SAN JUAN','MORELOS','RICARDO','5513638898','5532467054','2025-04-03',NULL,0),(225,NULL,225,225,236,'SANCHEZ','ISLAS','EVOLET YUNUEN','5561851592',NULL,'2025-04-03',NULL,1),(226,NULL,226,226,237,'SANCHEZ','ISLAS','GRETTEL','5561851592',NULL,'2025-04-03',NULL,1),(227,NULL,227,227,239,'SANCHEZ','MIRANDA','LUNA EMILIA','7471350918',NULL,'2025-04-03',NULL,0),(228,NULL,228,228,245,'SANCHEZ','VALENCIA','XIMENA','5562973892',NULL,'2025-04-03',NULL,0),(229,NULL,229,229,246,'SANCHEZ','ZUÑIGA','DAFNE LUCIANA','5561942637','5526856905','2017-04-28',NULL,0),(230,NULL,230,230,243,'SANDOVAL','PEREZ','DANIELA DESIREE','5540151387',NULL,'2025-04-03',NULL,0),(231,NULL,231,231,244,'SANDOVAL','PEREZ','VALENTINA AYELEN','5540151387',NULL,'2014-03-15',NULL,0),(232,NULL,232,232,238,'SANTOS','JIMENEZ','AMBAR','5515894789',NULL,'2025-04-03',NULL,0),(233,NULL,233,233,241,'SANTOS','MARTINEZ','XIMENA','5617470785','5621196282','2010-10-06',NULL,1),(234,NULL,234,234,247,'SERNA','GOMEZ','EDUARDO','5522548914',NULL,'2025-04-03',NULL,1),(235,NULL,235,235,249,'SOLIS','GONZALEZ','JOSE JUAN','5618352121',NULL,'2025-04-03',NULL,0),(236,NULL,236,236,248,'SOSTRES','DE JESUS','ANGEL ALEJANDRO','5532696735','5587327545','2025-04-03',NULL,1),(237,NULL,237,237,250,'TELLEZ','CENTENO','EMILY NATHALIA','5610505921',NULL,'2016-01-10',NULL,1),(238,NULL,238,238,251,'TELLEZ','FLORES','CHRISTOPHER','0',NULL,'2010-04-19',NULL,0),(239,NULL,239,239,252,'TEMPLOS','SANCHEZ','JUAN MANUEL','5531019450','5572827144','2025-04-03',NULL,0),(240,NULL,240,240,255,'TORRES','SANCHEZ','ETHAN YAHIR','5541768095','5533864291','2017-10-02',NULL,0),(241,NULL,241,241,254,'TOVAR','ROJAS','CRISTOPHER ZAID','5538889218','5527415964','2017-11-17',NULL,0),(242,NULL,242,242,253,'TOVAR','ROJAS','ALISON YAMILET','5538889218','5527415964','2013-09-13',NULL,0),(243,NULL,243,243,256,'TREJO','CONTRERAS','AXEL AZAEL','5530165248','5523027799','2010-04-08',NULL,0),(244,NULL,244,244,257,'TREJO','GOMEZ','XIMENA MONSERRAT','5528878806','5529052106','2025-04-03',NULL,0),(245,NULL,245,245,258,'TREJO','MARTINEZ','BRISEIDA XCARET','5523700028',NULL,'2025-04-03',NULL,1),(246,NULL,246,246,259,'TRUJILLO','RESENDIZ','SIENA','5564266626',NULL,'2014-06-04',NULL,0),(247,NULL,247,247,262,'VALDEZ','CASTILLO','IKER','5521147178','5513739770','2011-12-20',NULL,1),(248,NULL,248,248,263,'VARGAS','GUTIERREZ','ESMERALDA ALIZUL','5621175141',NULL,'2011-06-17',NULL,0),(249,NULL,249,249,265,'VARGAS','REYNA','JOSE MATEO','5551876293','5560602709','2025-04-03',NULL,0),(250,NULL,250,250,261,'VAZQUEZ','BADILLO','CESAR','5542646906','5583687435','2025-04-03',NULL,0),(251,NULL,251,251,264,'VAZQUEZ','JIMENEZ','ALAN TADEO','5533263472','5575049648','2013-04-11',NULL,0),(252,NULL,252,252,266,'VENTURA','ALLENDE','AUDREY VALENTINA','5591234698','5587634118','2013-04-21',NULL,0),(253,NULL,253,253,269,'VILLEDA','SANCHEZ','IKER SEBASTIAN','5519522910','0','2025-04-03',NULL,0),(254,NULL,254,254,268,'VILLENA','GARCIA','AMANDA','5536650082','5547130896','2014-05-18',NULL,0),(255,NULL,255,255,271,'YERENA','PALMA','INGRID GIOVANNA','5578529479','51160844','2025-04-03',NULL,0),(256,NULL,256,256,272,'ZAMORA','FLORES','EMILIANO EMMANUEL','5540077549','5569791118','2025-04-03',NULL,0),(257,NULL,257,257,273,'ZAMORA','FLORES','FATIMA ZURY','0',NULL,'2013-04-13',NULL,0),(258,NULL,258,258,274,'ZENTENO','TREJO','RAFAEL','5592080592','2371194557','2011-11-19',NULL,0),(259,NULL,259,259,275,'ZYMAN','JIMENEZ','ESTEFANIA','5534152917','5540766095','2014-09-06',NULL,0);
/*!40000 ALTER TABLE `students` ENABLE KEYS */;
UNLOCK TABLES;

--
-- Table structure for table `teachers`
--

DROP TABLE IF EXISTS `teachers`;
/*!40101 SET @saved_cs_client     = @@character_set_client */;
/*!50503 SET character_set_client = utf8mb4 */;
CREATE TABLE `teachers` (
  `id_teacher` int NOT NULL AUTO_INCREMENT,
  `id_user_teacher` int NOT NULL,
  `apellido_paterno_teacher` varchar(50) NOT NULL,
  `apellido_materno_teacher` varchar(50) NOT NULL,
  `nombre_teacher` varchar(50) NOT NULL,
  `telefono_teacher` varchar(10) DEFAULT NULL,
  `email_teacher` varchar(45) DEFAULT NULL,
  `fecha_nacimiento_teacher` datetime DEFAULT NULL,
  `status_teacher` varchar(45) DEFAULT NULL,
  `id_group_teacher` int DEFAULT NULL,
  PRIMARY KEY (`id_teacher`),
  KEY `id_group_idx` (`id_group_teacher`),
  KEY `id_user_idx` (`id_user_teacher`),
  CONSTRAINT `id_group` FOREIGN KEY (`id_group_teacher`) REFERENCES `grupos` (`id_group`),
  CONSTRAINT `id_user_t` FOREIGN KEY (`id_user_teacher`) REFERENCES `users` (`id_user`)
) ENGINE=InnoDB AUTO_INCREMENT=14 DEFAULT CHARSET=utf8;
/*!40101 SET character_set_client = @saved_cs_client */;

--
-- Dumping data for table `teachers`
--

LOCK TABLES `teachers` WRITE;
/*!40000 ALTER TABLE `teachers` DISABLE KEYS */;
INSERT INTO `teachers` VALUES (1,9,'GARCIA','MENDEZ','ALMA LAURA','5546743590',NULL,'2025-04-03 00:00:00','VIGENTE',1),(2,14,'PACHECO','SAN JUAN','ANA LILIA','0',NULL,'2025-04-03 00:00:00','VIGENTE',1),(3,39,'ROJAS','ARTEAGA','CECILIA','5546743590',NULL,'2025-04-03 00:00:00','VIGENTE',8),(4,44,'TORRES','CADENA','CLAUDIA EDITH','5546743590',NULL,'2025-04-03 00:00:00','VIGENTE',13),(5,85,'LOPEZ','JARQUIN','GABRIELA','5546743590',NULL,'2025-04-03 00:00:00','VIGENTE',3),(6,120,'ESQUIVEL','HERNANDEZ','IRAIS MERCEDES','0',NULL,'2025-04-03 00:00:00','VIGENTE',2),(7,129,'BOJORQUEZ','ISLAS','KENIA JULIETA','0',NULL,'2025-04-03 00:00:00','VIGENTE',5),(8,166,'LOPEZ','PEREZ','MIRANDA','66788781',NULL,'2025-04-03 00:00:00','VIGENTE',2),(9,192,'ROSALES','DIMAS','PAOLA KARINA','0',NULL,'2025-04-03 00:00:00','VIGENTE',4),(10,220,'HERNANDEZ','LEAL','ROSSANA KARINA','5546743590',NULL,'2025-04-03 00:00:00','VIGENTE',6),(11,260,'DURAN','LUCIO','UVIT','5546743590',NULL,'2025-04-03 00:00:00','VIGENTE',3),(12,267,'FLORES','PEREZ','VIRGINIA','0',NULL,'2025-04-03 00:00:00','VIGENTE',4),(13,270,'ALVA','GARCIA','YAZMIN','5546743590',NULL,'2025-04-03 00:00:00','VIGENTE',9);
/*!40000 ALTER TABLE `teachers` ENABLE KEYS */;
UNLOCK TABLES;

--
-- Table structure for table `users`
--

DROP TABLE IF EXISTS `users`;
/*!40101 SET @saved_cs_client     = @@character_set_client */;
/*!50503 SET character_set_client = utf8mb4 */;
CREATE TABLE `users` (
  `id_user` int NOT NULL AUTO_INCREMENT COMMENT 'Los id son generados por medio de las otras tablas',
  `nom_user` varchar(50) NOT NULL,
  `password` varchar(50) DEFAULT NULL,
  `rango` varchar(45) NOT NULL,
  PRIMARY KEY (`id_user`)
) ENGINE=InnoDB AUTO_INCREMENT=276 DEFAULT CHARSET=utf8;
/*!40101 SET character_set_client = @saved_cs_client */;

--
-- Dumping data for table `users`
--

LOCK TABLES `users` WRITE;
/*!40000 ALTER TABLE `users` DISABLE KEYS */;
INSERT INTO `users` VALUES (1,'ACCSAN0010','ACCSAN0011','ESTUDIANTE'),(2,'ACFTAT0010','ACFTAT0011','ESTUDIANTE'),(3,'ACOMAN0010','ACOMAN0011','ESTUDIANTE'),(4,'AGGLEO0010','AGGLEO0011','ESTUDIANTE'),(5,'AGMFRI10911','AGMFRI10912','ESTUDIANTE'),(6,'AGVALL121027','AGVALL121028','ESTUDIANTE'),(7,'AGVSOF14619','AGVSOF14620','ESTUDIANTE'),(8,'AHGBOJ0010','AHGBOJ0011','ESTUDIANTE'),(9,'AL_GAR','Alma2023','PROFESOR'),(10,'ALFWUI12426','ALFWUI12427','ESTUDIANTE'),(11,'ALMERI0010','ALMERI0011','ESTUDIANTE'),(12,'ALMTEM1581','ALMTEM1582','ESTUDIANTE'),(13,'AMTAND17415','AMTAND17416','ESTUDIANTE'),(14,'AN_PAC','A_PACHECO','PROFESOR'),(15,'ANAAND09620','ANAAND09621','ESTUDIANTE'),(16,'AQGSAN0010','AQGSAN0011','ESTUDIANTE'),(17,'AQGTAM0010','AQGTAM0011','ESTUDIANTE'),(18,'ARDDAV12919','ARDDAV12920','ESTUDIANTE'),(19,'ARDISA0010','ARDISA0011','ESTUDIANTE'),(20,'ARGLYA0010','ARGLYA0011','ESTUDIANTE'),(21,'ARMSAM0949','ARMSAM0950','ESTUDIANTE'),(22,'ARMXIM1138','ARMXIM1139','ESTUDIANTE'),(23,'ARSCAM0010','ARSCAM0011','ESTUDIANTE'),(24,'AYBJUA0010','AYBJUA0011','ESTUDIANTE'),(25,'BAAVIR0010','BAAVIR0011','ESTUDIANTE'),(26,'BACMOI09916','BACMOI09917','ESTUDIANTE'),(27,'BAPPAM0010','BAPPAM0011','ESTUDIANTE'),(28,'BAPSOF0010','BAPSOF0011','ESTUDIANTE'),(29,'BARVAN0010','BARVAN0011','ESTUDIANTE'),(30,'BERSOY0010','BERSOY0011','ESTUDIANTE'),(31,'BOANAT10323','BOANAT10324','ESTUDIANTE'),(32,'CADSAM0010','CADSAM0011','ESTUDIANTE'),(33,'CAGJES1049','CAGJES1050','ESTUDIANTE'),(34,'CAISAM10526','CAISAM10527','ESTUDIANTE'),(35,'CAMJAE0010','CAMJAE0011','ESTUDIANTE'),(36,'CASFER121015','CASFER121016','ESTUDIANTE'),(37,'CASITA1287','CASITA1288','ESTUDIANTE'),(38,'CAVROD0010','CAVROD0011','ESTUDIANTE'),(39,'CE_ROJ','Cecilia2023','PROFESOR'),(40,'CELALE16110','CELALE16111','ESTUDIANTE'),(41,'CELREN0010','CELREN0011','ESTUDIANTE'),(42,'CERALE1211','CERALE1212','ESTUDIANTE'),(43,'CHMANG15413','CHMANG15414','ESTUDIANTE'),(44,'CL_TOR','Claudia2023','PROFESOR'),(45,'COEFAT17117','COEFAT17118','ESTUDIANTE'),(46,'COGALE131121','COGALE131122','ESTUDIANTE'),(47,'COGLEN0010','COGLEN0011','ESTUDIANTE'),(48,'COMHIR121117','COMHIR121118','ESTUDIANTE'),(49,'CRBSAN151119','CRBSAN151120','ESTUDIANTE'),(50,'CRMCAR0010','CRMCAR0011','ESTUDIANTE'),(51,'CRMZUR11912','CRMZUR11913','ESTUDIANTE'),(52,'CRSCAM0010','CRSCAM0011','ESTUDIANTE'),(53,'CUPJOR14526','CUPJOR14527','ESTUDIANTE'),(54,'CUTANG0010','CUTANG0011','ESTUDIANTE'),(55,'CUTMIA0010','CUTMIA0011','ESTUDIANTE'),(56,'DEAABI0010','DEAABI0011','ESTUDIANTE'),(57,'DEBIAN11121','DEBIAN11122','ESTUDIANTE'),(58,'DECYUI151126','DECYUI151127','ESTUDIANTE'),(59,'DEDGEM0010','DEDGEM0011','ESTUDIANTE'),(60,'DEIROB16111','DEIROB16112','ESTUDIANTE'),(61,'DEMPAL0010','DEMPAL0011','ESTUDIANTE'),(62,'DIGIXC1187','DIGIXC1188','ESTUDIANTE'),(63,'DIGYAR11414','DIGYAR11415','ESTUDIANTE'),(64,'DILJAC11920','DILJAC11921','ESTUDIANTE'),(65,'DOGCAR12726','DOGCAR12727','ESTUDIANTE'),(66,'DOIVAL0010','DOIVAL0011','ESTUDIANTE'),(67,'DOPDER17101','DOPDER17102','ESTUDIANTE'),(68,'ENCEMI0010','ENCEMI0011','ESTUDIANTE'),(69,'ESCJUL17716','ESCJUL17717','ESTUDIANTE'),(70,'ESHMAI15108','ESHMAI15109','ESTUDIANTE'),(71,'ESMJOS091219','ESMJOS091220','ESTUDIANTE'),(72,'ESMYAM14220','ESMYAM14221','ESTUDIANTE'),(73,'EVGDIA0010','EVGDIA0011','ESTUDIANTE'),(74,'FEAERI14918','FEAERI14919','ESTUDIANTE'),(75,'FEAREG14918','FEAREG14919','ESTUDIANTE'),(76,'FLCJUA12813','FLCJUA12814','ESTUDIANTE'),(77,'FLGJOS16514','FLGJOS16515','ESTUDIANTE'),(78,'FLGMOS16510','FLGMOS16511','ESTUDIANTE'),(79,'FLOXIM10610','FLOXIM10611','ESTUDIANTE'),(80,'FRHFAT1455','FRHFAT1456','ESTUDIANTE'),(81,'FUMDAN0010','FUMDAN0011','ESTUDIANTE'),(82,'FUMLUI0010','FUMLUI0011','ESTUDIANTE'),(83,'FUMMAY0010','FUMMAY0011','ESTUDIANTE'),(84,'FUMTAD0010','FUMTAD0011','ESTUDIANTE'),(85,'GA_LOP','Gabriela2023','PROFESOR'),(86,'GABDAR12516','GABDAR12517','ESTUDIANTE'),(87,'GAGALE12817','GAGALE12818','ESTUDIANTE'),(88,'GAGLIL14817','GAGLIL14818','ESTUDIANTE'),(89,'GAGSOF12910','GAGSOF12911','ESTUDIANTE'),(90,'GAQABN0010','GAQABN0011','ESTUDIANTE'),(91,'GARJOR15324','GARJOR15325','ESTUDIANTE'),(92,'GARPAU0010','GARPAU0011','ESTUDIANTE'),(93,'GOACAM0010','GOACAM0011','ESTUDIANTE'),(94,'GOCARI16419','GOCARI16420','ESTUDIANTE'),(95,'GOFANG12415','GOFANG12416','ESTUDIANTE'),(96,'GOFQUE0010','GOFQUE0011','ESTUDIANTE'),(97,'GOGNIC161031','GOGNIC161032','ESTUDIANTE'),(98,'GOMSER12730','GOMSER12731','ESTUDIANTE'),(99,'GORSAN0010','GORSAN0011','ESTUDIANTE'),(100,'GORSAU0010','GORSAU0011','ESTUDIANTE'),(101,'GRGBIA1492','GRGBIA1493','ESTUDIANTE'),(102,'GRGJUL04921','GRGJUL04922','ESTUDIANTE'),(103,'GUAMIA1517','GUAMIA1518','ESTUDIANTE'),(104,'GUAREN0010','GUAREN0011','ESTUDIANTE'),(105,'GUMMEL0010','GUMMEL0011','ESTUDIANTE'),(106,'GUOMIG13227','GUOMIG13228','ESTUDIANTE'),(107,'GURANA111030','GURANA111031','ESTUDIANTE'),(108,'GURAND141123','GURAND141124','ESTUDIANTE'),(109,'GURFER1371','GURFER1372','ESTUDIANTE'),(110,'HECLEN16111','HECLEN16112','ESTUDIANTE'),(111,'HEEALE171125','HEEALE171126','ESTUDIANTE'),(112,'HEGAXE13430','HEGAXE13431','ESTUDIANTE'),(113,'HEHDAS10126','HEHDAS10127','ESTUDIANTE'),(114,'HEMAME0010','HEMAME0011','ESTUDIANTE'),(115,'HERDAV1098','HERDAV1099','ESTUDIANTE'),(116,'HEREVA13617','HEREVA13618','ESTUDIANTE'),(117,'HERRIG12427','HERRIG12428','ESTUDIANTE'),(118,'HEVALO0010','HEVALO0011','ESTUDIANTE'),(119,'HEVANG111025','HEVANG111026','ESTUDIANTE'),(120,'IR_ESQ','I_ESQUIVEL','PROFESOR'),(121,'ISGMIL1576','ISGMIL1577','ESTUDIANTE'),(122,'ISMJIM091027','ISMJIM091028','ESTUDIANTE'),(123,'JIMLEO0010','JIMLEO0011','ESTUDIANTE'),(124,'JIRERI0010','JIRERI0011','ESTUDIANTE'),(125,'JIVETH10712','JIVETH10713','ESTUDIANTE'),(126,'JUGEMA0010','JUGEMA0011','ESTUDIANTE'),(127,'JUGRUT0010','JUGRUT0011','ESTUDIANTE'),(128,'KA_JUA','098765432','ADMINISTRADOR'),(129,'KE_BOJ','K_BOJORQUEZ','PROFESOR'),(130,'LAGEST10518','LAGEST10519','ESTUDIANTE'),(131,'LARITZ0010','LARITZ0011','ESTUDIANTE'),(132,'LATERI10524','LATERI10525','ESTUDIANTE'),(133,'LAVANG0010','LAVANG0011','ESTUDIANTE'),(134,'LAVLEV11104','LAVLEV11105','ESTUDIANTE'),(135,'LOASEB17827','LOASEB17828','ESTUDIANTE'),(136,'LOCDAY0010','LOCDAY0011','ESTUDIANTE'),(137,'LOFSAN0010','LOFSAN0011','ESTUDIANTE'),(138,'LOMGAB0010','LOMGAB0011','ESTUDIANTE'),(139,'LOMNAO121019','LOMNAO121020','ESTUDIANTE'),(140,'LOOAMA1387','LOOAMA1388','ESTUDIANTE'),(141,'LORISA0010','LORISA0011','ESTUDIANTE'),(142,'LOVALE0010','LOVALE0011','ESTUDIANTE'),(143,'LOVVIC0010','LOVVIC0011','ESTUDIANTE'),(144,'LU_MOR','Vengadores_01','ADMINISTRADOR'),(145,'LUMCES13812','LUMCES13813','ESTUDIANTE'),(146,'LUPALE11518','LUPALE11519','ESTUDIANTE'),(147,'LUPCAM0010','LUPCAM0011','ESTUDIANTE'),(148,'LUSMAX0010','LUSMAX0011','ESTUDIANTE'),(149,'MAACRI131014','MAACRI131015','ESTUDIANTE'),(150,'MACDAN14417','MACDAN14418','ESTUDIANTE'),(151,'MACEMI0010','MACEMI0011','ESTUDIANTE'),(152,'MACFAB0010','MACFAB0011','ESTUDIANTE'),(153,'MACFER15827','MACFER15828','ESTUDIANTE'),(154,'MACMAR0010','MACMAR0011','ESTUDIANTE'),(155,'MACSAM14321','MACSAM14322','ESTUDIANTE'),(156,'MACVIC13820','MACVIC13821','ESTUDIANTE'),(157,'MAMMIG0010','MAMMIG0011','ESTUDIANTE'),(158,'MARLIS0010','MARLIS0011','ESTUDIANTE'),(159,'MARMAR0010','MARMAR0011','ESTUDIANTE'),(160,'MARNAH0010','MARNAH0011','ESTUDIANTE'),(161,'MEAVIC11112','MEAVIC11113','ESTUDIANTE'),(162,'MEDTAM0010','MEDTAM0011','ESTUDIANTE'),(163,'MEGMAR0010','MEGMAR0011','ESTUDIANTE'),(164,'MEGNAT0010','MEGNAT0011','ESTUDIANTE'),(165,'MEHREN0010','MEHREN0011','ESTUDIANTE'),(166,'MI_LOP','MIRANDA2024','PROFESOR'),(167,'MIBDAN0010','MIBDAN0011','ESTUDIANTE'),(168,'MODMUL0010','MODMUL0011','ESTUDIANTE'),(169,'MOGFER1181','MOGFER1182','ESTUDIANTE'),(170,'MOJANA0010','MOJANA0011','ESTUDIANTE'),(171,'MOJRIC0010','MOJRIC0011','ESTUDIANTE'),(172,'MOJVAL0010','MOJVAL0011','ESTUDIANTE'),(173,'MORADR11919','MORADR11920','ESTUDIANTE'),(174,'MURALI131210','MURALI131211','ESTUDIANTE'),(175,'MURKAT10730','MURKAT10731','ESTUDIANTE'),(176,'MUVJES0010','MUVJES0011','ESTUDIANTE'),(177,'NAHALE11624','NAHALE11625','ESTUDIANTE'),(178,'NAHSAN0010','NAHSAN0011','ESTUDIANTE'),(179,'NIRMIR1124','NIRMIR1125','ESTUDIANTE'),(180,'NOGFAT0010','NOGFAT0011','ESTUDIANTE'),(181,'NOGVIA09113','NOGVIA09114','ESTUDIANTE'),(182,'OCMPAU0010','OCMPAU0011','ESTUDIANTE'),(183,'OLPDAN15822','OLPDAN15823','ESTUDIANTE'),(184,'OLPEMI0010','OLPEMI0011','ESTUDIANTE'),(185,'ORAJUL1072','ORAJUL1073','ESTUDIANTE'),(186,'ORALEO16719','ORALEO16720','ESTUDIANTE'),(187,'ORLXIM10126','ORLXIM10127','ESTUDIANTE'),(188,'ORMXIM0010','ORMXIM0011','ESTUDIANTE'),(189,'ORPERI0010','ORPERI0011','ESTUDIANTE'),(190,'OS_BOJ','123455678','ADMINISTRADOR'),(191,'OSMPAU11116','OSMPAU11117','ESTUDIANTE'),(192,'PA_ROS','Paola12','PROFESOR'),(193,'PAOLUI0010','PAOLUI0011','ESTUDIANTE'),(194,'PARFAT13117','PARFAT13118','ESTUDIANTE'),(195,'PARRIC11125','PARRIC11126','ESTUDIANTE'),(196,'PEGJOS0010','PEGJOS0011','ESTUDIANTE'),(197,'PEMELY0010','PEMELY0011','ESTUDIANTE'),(198,'PEREVA0010','PEREVA0011','ESTUDIANTE'),(199,'PESLIS0010','PESLIS0011','ESTUDIANTE'),(200,'PIDREN15429','PIDREN15430','ESTUDIANTE'),(201,'PIGVAL0010','PIGVAL0011','ESTUDIANTE'),(202,'PRJERI11216','PRJERI11217','ESTUDIANTE'),(203,'QUGKAT0010','QUGKAT0011','ESTUDIANTE'),(204,'QUGSAN14823','QUGSAN14824','ESTUDIANTE'),(205,'RAGADR0010','RAGADR0011','ESTUDIANTE'),(206,'RAGDAN0010','RAGDAN0011','ESTUDIANTE'),(207,'RAHEVE0010','RAHEVE0011','ESTUDIANTE'),(208,'RAMVIC15529','RAMVIC15530','ESTUDIANTE'),(209,'RAPJAR0010','RAPJAR0011','ESTUDIANTE'),(210,'RAPMAR0010','RAPMAR0011','ESTUDIANTE'),(211,'REBIRE17519','REBIRE17520','ESTUDIANTE'),(212,'REGVAL12730','REGVAL12731','ESTUDIANTE'),(213,'REMDAF0010','REMDAF0011','ESTUDIANTE'),(214,'REPCES0010','REPCES0011','ESTUDIANTE'),(215,'REPKAR1131','REPKAR1132','ESTUDIANTE'),(216,'RICMEG0010','RICMEG0011','ESTUDIANTE'),(217,'RICZAR0010','RICZAR0011','ESTUDIANTE'),(218,'RIRMEL131019','RIRMEL131020','ESTUDIANTE'),(219,'RISDIA1267','RISDIA1268','ESTUDIANTE'),(220,'RO_HER','Rossana2023','PROFESOR'),(221,'ROALES12714','ROALES12715','ESTUDIANTE'),(222,'ROCERI09116','ROCERI09117','ESTUDIANTE'),(223,'ROCJOR12422','ROCJOR12423','ESTUDIANTE'),(224,'ROEJEN0010','ROEJEN0011','ESTUDIANTE'),(225,'ROGDAN0010','ROGDAN0011','ESTUDIANTE'),(226,'ROGELI1293','ROGELI1294','ESTUDIANTE'),(227,'ROLAMA14718','ROLAMA14719','ESTUDIANTE'),(228,'ROMJES0010','ROMJES0011','ESTUDIANTE'),(229,'ROPSAU1114','ROPSAU1115','ESTUDIANTE'),(230,'ROSLEO15111','ROSLEO15112','ESTUDIANTE'),(231,'ROSNAO0010','ROSNAO0011','ESTUDIANTE'),(232,'RUCIKE0010','RUCIKE0011','ESTUDIANTE'),(233,'RUHJES11211','RUHJES11212','ESTUDIANTE'),(234,'RUSSEB1232','RUSSEB1233','ESTUDIANTE'),(235,'SAAVAL0010','SAAVAL0011','ESTUDIANTE'),(236,'SAIEVO0010','SAIEVO0011','ESTUDIANTE'),(237,'SAIGRE0010','SAIGRE0011','ESTUDIANTE'),(238,'SAJAMB0010','SAJAMB0011','ESTUDIANTE'),(239,'SAMLUN0010','SAMLUN0011','ESTUDIANTE'),(240,'SAMRIC0010','SAMRIC0011','ESTUDIANTE'),(241,'SAMXIM10106','SAMXIM10107','ESTUDIANTE'),(242,'SANANG0010','SANANG0011','ESTUDIANTE'),(243,'SAPDAN0010','SAPDAN0011','ESTUDIANTE'),(244,'SAPVAL14315','SAPVAL14316','ESTUDIANTE'),(245,'SAVXIM0010','SAVXIM0011','ESTUDIANTE'),(246,'SAZDAF17428','SAZDAF17429','ESTUDIANTE'),(247,'SEGEDU0010','SEGEDU0011','ESTUDIANTE'),(248,'SODANG0010','SODANG0011','ESTUDIANTE'),(249,'SOGJOS0010','SOGJOS0011','ESTUDIANTE'),(250,'TECEMI16110','TECEMI16111','ESTUDIANTE'),(251,'TEFCHR10419','TEFCHR10420','ESTUDIANTE'),(252,'TESJUA0010','TESJUA0011','ESTUDIANTE'),(253,'TORALI13913','TORALI13914','ESTUDIANTE'),(254,'TORCRI171117','TORCRI171118','ESTUDIANTE'),(255,'TOSETH17102','TOSETH17103','ESTUDIANTE'),(256,'TRCAXE1048','TRCAXE1049','ESTUDIANTE'),(257,'TRGXIM0010','TRGXIM0011','ESTUDIANTE'),(258,'TRMBRI0010','TRMBRI0011','ESTUDIANTE'),(259,'TRRSIE1464','TRRSIE1465','ESTUDIANTE'),(260,'UV_DUR','123456','PROFESOR'),(261,'VABCES0010','VABCES0011','ESTUDIANTE'),(262,'VACIKE111220','VACIKE111221','ESTUDIANTE'),(263,'VAGESM11617','VAGESM11618','ESTUDIANTE'),(264,'VAJALA13411','VAJALA13412','ESTUDIANTE'),(265,'VARJOS0010','VARJOS0011','ESTUDIANTE'),(266,'VEAAUD13421','VEAAUD13422','ESTUDIANTE'),(267,'VI_FLO','V_FLORES','PROFESOR'),(268,'VIGAMA14518','VIGAMA14519','ESTUDIANTE'),(269,'VISIKE0010','VISIKE0011','ESTUDIANTE'),(270,'YA_ALV','Yasmin2023','PROFESOR'),(271,'YEPING0010','YEPING0011','ESTUDIANTE'),(272,'ZAFEMI0010','ZAFEMI0011','ESTUDIANTE'),(273,'ZAFFAT13413','ZAFFAT13414','ESTUDIANTE'),(274,'ZETRAF111119','ZETRAF111120','ESTUDIANTE'),(275,'ZYJEST1496','ZYJEST1497','ESTUDIANTE');
/*!40000 ALTER TABLE `users` ENABLE KEYS */;
UNLOCK TABLES;
/*!40103 SET TIME_ZONE=@OLD_TIME_ZONE */;

/*!40101 SET SQL_MODE=@OLD_SQL_MODE */;
/*!40014 SET FOREIGN_KEY_CHECKS=@OLD_FOREIGN_KEY_CHECKS */;
/*!40014 SET UNIQUE_CHECKS=@OLD_UNIQUE_CHECKS */;
/*!40101 SET CHARACTER_SET_CLIENT=@OLD_CHARACTER_SET_CLIENT */;
/*!40101 SET CHARACTER_SET_RESULTS=@OLD_CHARACTER_SET_RESULTS */;
/*!40101 SET COLLATION_CONNECTION=@OLD_COLLATION_CONNECTION */;
/*!40111 SET SQL_NOTES=@OLD_SQL_NOTES */;

-- Dump completed on 2025-05-16 23:56:07
